{"global_mean_forecast": 0.29782, "seasonal_naive_forecast": 0.71658, "rolling_28d_forecast": 4.213956, "arima_like_fast_vectorized": 5.48573576923077, "lightgbm_forecast": 55.546956, "single_exponential_smoothing": 142.4913774074074, "double_exponential_smoothing": 527.8686388, "triple_exponential_smoothing": 7785.667410200001, "simple_exponential_smoothing": 7.6511104, "arima_like_fast": 251.7444712}