{"global_mean_forecast": 0.29782, "seasonal_naive_forecast": 0.71658, "rolling_28d_forecast": 4.213956, "arima_like_fast_vectorized": 5.48573576923077, "lightgbm_forecast": 55.546956, "single_exponential_smoothing": 142.4913774074074, "double_exponential_smoothing": 527.8686388, "triple_exponential_smoothing": 7785.667410200001, "simple_exponential_smoothing": 7.6511104, "arima_like_fast": 251.7444712, "random_forest_forecast_feature_optimized": 303.6745154, "cnn_forecast_fast": 762.3820088, "lstm_forecast": 739.8808804, "lstm_forecast_fast": 166.0109234, "catboost_forecast": 953.8728954000001, "lightgbm_forecast_feature_optimized_v3": 868.3527182, "xgboost_forecast": 68.066137, "xgboost_forecast_feature_optimized": 1026.973329, "hist_gradient_boosting_forecast": 369.997183, "hist_gradient_boosting_forecast_optimized": 739.0533564, "extra_trees_forecast": 461.7260184, "dlinear_forecast": 337.0950722}