{"global_mean_forecast": 0.30928188888888886, "seasonal_naive_forecast": 0.7815934444444445, "rolling_28d_forecast": 3.9436403333333327}