{
    "global_mean_forecast": 6.927451,
    "seasonal_naive_forecast": 13.201457,
    "rolling_28d_forecast": 76.786378,
    "simple_exponential_smoothing": 141.298216,
    "lightgbm_forecast": 1857.315952,
    "xgboost_forecast": 2734.574482,
    "random_forest_forecast": 5301.69438,
    "single_exponential_smoothing": 876.07557
}